dataset,classifier,metric,v1,v2,v3,v4,v5,v6,v7,v8,v9,v10,v11,v12,v13,v14,v15,v16,v17,v18,v19,v20,author
bank,perceptron,f1,0.6026277569,0.5043351992,0.5299760641,0.4896721430,0.5930580032,0.4865289068,0.6142201005,0.6740435996,0.6753740620,0.6180455227,0.2230678206,0.5873053447,0.5764716537,0.5944976077,0.6766437997,0.6290375471,0.5293737080,0.6894185119,0.5273202614,0.5449796060,ana--beatriz
bank,perceptron,acc,0.8850828729,0.8993362832,0.8772123894,0.8705752212,0.8960176991,0.8817679558,0.7389380531,0.8650442478,0.8705752212,0.7942477876,0.2232044199,0.8805309735,0.7024336283,0.8871681416,0.8761061947,0.8453038674,0.8860619469,0.8595132743,0.8938053097,0.8716814159,ana--beatriz
bank,svm,f1,0.4713785047,0.4735002912,0.4657210402,0.4644549763,0.4719626168,0.4682726204,0.4707259953,0.4654050857,0.4697947214,0.4728862974,0.4676470588,0.4660366214,0.4716540035,0.4679223072,0.4738067520,0.4713785047,0.4701055100,0.4697947214,0.4707259953,0.4650887574,ana--beatriz
bank,svm,acc,0.8917127072,0.8993362832,0.8716814159,0.8672566372,0.8938053097,0.8806629834,0.8893805310,0.8705752212,0.8860619469,0.8971238938,0.8784530387,0.8727876106,0.8926991150,0.8794247788,0.9004424779,0.8917127072,0.8871681416,0.8860619469,0.8893805310,0.8694690265,ana--beatriz
bank,bayes,f1,0.6294320923,0.6178300866,0.6541804382,0.6318495839,0.6605757196,0.6477937955,0.6453990883,0.6473736705,0.6484036797,0.6198732048,0.6115024766,0.6672659918,0.6308470291,0.6818460032,0.5706901427,0.6115717187,0.6674432863,0.6872643713,0.6083220928,0.6196462954,ana--beatriz
bank,bayes,acc,0.8265193370,0.8340707965,0.8340707965,0.8163716814,0.8606194690,0.8419889503,0.8396017699,0.8252212389,0.8473451327,0.8274336283,0.8276243094,0.8462389381,0.8384955752,0.8473451327,0.8086283186,0.8187845304,0.8506637168,0.8484513274,0.8241150442,0.8329646018,ana--beatriz
bank,tree,f1,0.6853783231,0.6525763478,0.7441626219,0.6710458624,0.6931572041,0.6408839779,0.6884262770,0.7096348012,0.6838687116,0.6602334636,0.6514906832,0.7337980769,0.6915795587,0.7259275612,0.6718931475,0.6662031733,0.7226509021,0.6838162635,0.6851651788,0.6836419518,ana--beatriz
bank,tree,acc,0.8872928177,0.8949115044,0.8971238938,0.8716814159,0.8926991150,0.8707182320,0.8893805310,0.8827433628,0.8838495575,0.8860619469,0.8629834254,0.8915929204,0.8960176991,0.8860619469,0.8893805310,0.8751381215,0.8971238938,0.8860619469,0.8915929204,0.8727876106,ana--beatriz
bank,knn,f1,0.5217904322,0.5197270922,0.5116694599,0.4774019400,0.5204947635,0.5097873567,0.5124682195,0.5156892697,0.5302029836,0.5189676962,0.5019966579,0.5275694508,0.5336084906,0.5077688972,0.4995050751,0.5139001152,0.5302029836,0.5310408588,0.4972109876,0.5171091909,ana--beatriz
bank,knn,acc,0.8861878453,0.8949115044,0.8705752212,0.8595132743,0.8960176991,0.8795580110,0.8838495575,0.8661504425,0.8871681416,0.8938053097,0.8795580110,0.8738938053,0.8915929204,0.8761061947,0.8904867257,0.8861878453,0.8871681416,0.8882743363,0.8860619469,0.8683628319,ana--beatriz
glass_identification,perceptron,f1,0.2517676768,0.3749612403,0.4771275034,0.4332218506,0.4460547504,0.3045351474,0.2525062657,0.3896445695,0.3795508274,0.3099658869,0.5204288612,0.3136039886,0.4092592593,0.3869474313,0.3281818182,0.3494761511,0.6967159278,0.3232323232,0.3762626263,0.2425925926,andrey--jodar
glass_identification,perceptron,acc,0.4285714286,0.5000000000,0.5952380952,0.2380952381,0.4761904762,0.5952380952,0.1666666667,0.4761904762,0.4285714286,0.4285714286,0.6666666667,0.4761904762,0.5000000000,0.5238095238,0.4761904762,0.5000000000,0.6666666667,0.5000000000,0.5000000000,0.4047619048,andrey--jodar
glass_identification,svm,f1,0.2200000000,0.2742857143,0.3629911884,0.1567099567,0.2165032680,0.2225213811,0.2211538462,0.2499597424,0.2516339869,0.1739341085,0.3046153846,0.1970618034,0.2249683830,0.2175925926,0.3160559678,0.2776556777,0.2091503268,0.2273242630,0.2601794341,0.1940035273,andrey--jodar
glass_identification,svm,acc,0.4047619048,0.4761904762,0.5476190476,0.4523809524,0.4047619048,0.3809523810,0.4285714286,0.4047619048,0.4047619048,0.3333333333,0.5000000000,0.3809523810,0.4285714286,0.4285714286,0.5476190476,0.5238095238,0.4523809524,0.4285714286,0.5000000000,0.4285714286,andrey--jodar
glass_identification,bayes,f1,0.3832671958,0.4250528444,0.4201680672,0.3691520468,0.4619047619,0.4286638789,0.4506721349,0.5367543860,0.4222222222,0.4788178780,0.3090277778,0.4181167852,0.4974912165,0.4481481481,0.4366096866,0.4267506373,0.5761183261,0.4140085061,0.4774374332,0.3925834023,andrey--jodar
glass_identification,bayes,acc,0.3333333333,0.4523809524,0.5238095238,0.5000000000,0.4761904762,0.4523809524,0.5000000000,0.4285714286,0.5000000000,0.3809523810,0.2142857143,0.3809523810,0.5476190476,0.5238095238,0.4047619048,0.4523809524,0.5714285714,0.4523809524,0.4761904762,0.2619047619,andrey--jodar
glass_identification,tree,f1,0.6656445406,0.5037037037,0.6284608295,0.5107038123,0.6327004652,0.6375863902,0.4907498632,0.7816541353,0.6789321789,0.6344027583,0.6329411765,0.5678388278,0.6401028923,0.5697971781,0.6095312095,0.5985369037,0.6035353535,0.6511904762,0.5510429385,0.4086062596,andrey--jodar
glass_identification,tree,acc,0.6666666667,0.6904761905,0.6666666667,0.6904761905,0.6666666667,0.6666666667,0.5952380952,0.7142857143,0.7142857143,0.6666666667,0.7380952381,0.5952380952,0.7380952381,0.6666666667,0.6428571429,0.7142857143,0.6904761905,0.6904761905,0.6904761905,0.4523809524,andrey--jodar
glass_identification,knn,f1,0.3433333333,0.6838095238,0.3845679012,0.4401709402,0.4619859307,0.4319892964,0.4680033417,0.4643997446,0.4887218045,0.3593434343,0.4968660969,0.4432238643,0.3274813275,0.4108858859,0.4784992785,0.6830607132,0.5135912698,0.5446428571,0.3798309179,0.3298611111,andrey--jodar
glass_identification,knn,acc,0.5238095238,0.6666666667,0.6904761905,0.5952380952,0.6428571429,0.5476190476,0.6190476190,0.6904761905,0.6904761905,0.4761904762,0.7619047619,0.5238095238,0.5238095238,0.6190476190,0.6190476190,0.7380952381,0.6428571429,0.6190476190,0.5714285714,0.5476190476,andrey--jodar
spambase,perceptron,f1,0.8875547559,0.8850867595,0.9006550602,0.8399189180,0.9021242972,0.9017310169,0.9229797658,0.8951181392,0.8844546258,0.8962011897,0.8733025443,0.8853296772,0.8844152026,0.8877538571,0.8932599742,0.8924821715,0.8642689704,0.8674669868,0.8700687318,0.8993682579,arthur--heiji
spambase,perceptron,acc,0.8913043478,0.8913043478,0.9032608696,0.8510869565,0.9077090119,0.9076086957,0.9250000000,0.8989130435,0.8913043478,0.9011943540,0.8782608696,0.8913043478,0.8880434783,0.8923913043,0.8990228013,0.8989130435,0.8728260870,0.8728260870,0.8760869565,0.9044516830,arthur--heiji
spambase,svm,f1,0.9233449819,0.9332786492,0.9222507597,0.9268284369,0.9390097295,0.9279474107,0.9277921670,0.9161373928,0.9392767023,0.9378542510,0.9179381464,0.9288971327,0.9362978570,0.9269841270,0.9330279232,0.9342493784,0.9365564178,0.9227141816,0.9313801372,0.9283279278,arthur--heiji
spambase,svm,acc,0.9260869565,0.9369565217,0.9250000000,0.9315217391,0.9435396308,0.9326086957,0.9304347826,0.9195652174,0.9434782609,0.9413680782,0.9217391304,0.9336956522,0.9391304348,0.9304347826,0.9370249729,0.9380434783,0.9402173913,0.9271739130,0.9336956522,0.9326818675,arthur--heiji
spambase,bayes,f1,0.7998145730,0.8272608437,0.8367590279,0.7989013704,0.8103496913,0.7967802158,0.8345292414,0.7923361007,0.8368825593,0.8208681214,0.8300460410,0.8087065832,0.8095375548,0.8060781750,0.8170047008,0.8103092784,0.8046850446,0.8350071736,0.8313541693,0.7973745967,arthur--heiji
spambase,bayes,acc,0.8000000000,0.8282608696,0.8369565217,0.8000000000,0.8121606949,0.7978260870,0.8347826087,0.7923913043,0.8391304348,0.8219326819,0.8304347826,0.8097826087,0.8097826087,0.8065217391,0.8186753529,0.8108695652,0.8054347826,0.8369565217,0.8315217391,0.7980456026,arthur--heiji
spambase,tree,f1,0.9091032176,0.9115639719,0.9079907991,0.9165217391,0.9240970959,0.9213402337,0.9164371388,0.9119967036,0.9320164710,0.9160340045,0.9015390369,0.9167260540,0.9235234783,0.9109230930,0.9225036640,0.9077694236,0.9261337120,0.9205816009,0.9286360698,0.9325655711,arthur--heiji
spambase,tree,acc,0.9119565217,0.9163043478,0.9119565217,0.9217391304,0.9294245385,0.9260869565,0.9195652174,0.9152173913,0.9369565217,0.9207383279,0.9054347826,0.9228260870,0.9271739130,0.9152173913,0.9272529859,0.9130434783,0.9304347826,0.9250000000,0.9315217391,0.9359391965,arthur--heiji
spambase,knn,f1,0.9037153323,0.8936982558,0.8962012401,0.8935367986,0.8981553154,0.9009608500,0.9032627184,0.8990918513,0.9090263692,0.8978509431,0.8997021789,0.8979600943,0.9000863878,0.8983098420,0.9017957386,0.9020588924,0.9020588924,0.8998637577,0.9017999659,0.8992545336,arthur--heiji
spambase,knn,acc,0.9076086957,0.9000000000,0.9000000000,0.9010869565,0.9044516830,0.9065217391,0.9076086957,0.9032608696,0.9152173913,0.9033659066,0.9043478261,0.9054347826,0.9043478261,0.9032608696,0.9077090119,0.9076086957,0.9076086957,0.9054347826,0.9054347826,0.9055374593,arthur--heiji
winequality-red,perceptron,acc,0.7737429745,0.7783285691,0.6607428130,0.8523365125,0.7839225706,0.7611615721,0.7091230926,0.8330288879,0.8774804907,0.7982812733,0.8577684772,0.7254383702,0.6306356844,0.7455398563,0.7238223635,0.8292690463,0.8736876890,0.6794344446,0.7376645929,0.7273656822,arthur-hydeki
winequality-red,perceptron,f1,0.7769451310,0.7075652599,0.7249569968,0.7445640073,0.7835851065,0.8203086035,0.6707658280,0.8385016344,0.7204400840,0.8579672971,0.7816413593,0.8387280110,0.8044136735,0.7336442461,0.7599897960,0.8279019853,0.8200964384,0.7459650844,0.7432290969,0.7122077231,arthur-hydeki
winequality-red,svm,acc,0.9255507640,0.8792635613,0.9032182302,0.8974214965,0.9093768712,0.8778374514,0.9140897559,0.8983999310,0.9130137103,0.8913318925,0.8852208813,0.8909448135,0.8954242571,0.9428829743,0.8686929163,0.8618330262,0.9448972380,0.9236079792,0.8801557859,0.9136129369,arthur-hydeki
winequality-red,svm,f1,0.9326344829,0.9013502324,0.9131599676,0.9037852558,0.8886962305,0.8989609963,0.8797377328,0.9164204380,0.9714212041,0.9199480638,0.9436213939,0.8951403720,0.9011319534,0.8794162498,0.8900688259,0.8586459255,0.9114413841,0.8587705737,0.8874234960,0.8518803659,arthur-hydeki
winequality-red,bayes,acc,0.8403241326,0.8510398506,0.8321288362,0.9044793942,0.9426734440,0.8388945030,0.8991639577,0.8750604343,0.8752575168,0.8947131042,0.8104550443,0.8749953829,0.8603582102,0.8433862135,0.9130571199,0.8082831432,0.8360443118,0.9054830891,0.8861993173,0.8951129161,arthur-hydeki
winequality-red,bayes,f1,0.8661156697,0.8218794117,0.9582595850,0.8492563554,0.8213750150,0.8946146649,0.8957714281,0.8036695596,0.7914096774,0.8451412764,0.9048814045,0.8151657792,0.9556459363,0.8579421008,0.8560069162,0.8760140981,0.8408534412,0.9157325837,0.8872795138,0.8686204991,arthur-hydeki
winequality-red,knn,acc,0.7432030288,0.8501200176,0.8251064636,0.7873628391,0.7914012516,0.7907204934,0.8070943705,0.8244312704,0.8224010339,0.9195257680,0.7575998335,0.7818618068,0.8611394120,0.9740953282,0.8201905382,0.8400531711,0.7690363881,0.8424044050,0.8722829325,0.7647256917,arthur-hydeki
winequality-red,knn,f1,0.8362311064,0.8680324607,0.8553915065,0.9617108065,0.8564333164,0.8449717364,0.7676588967,0.8357183722,0.7330101495,0.8200775151,0.7787088160,0.7388460261,0.8112038569,0.8252796244,0.8238267452,0.8556688410,0.7048553718,0.8706463115,0.8509290140,0.8574147038,arthur-hydeki
winequality-red,tree,acc,0.9578704493,0.7694895995,0.7964243790,0.8279995992,0.7547053701,0.8000566587,0.8056776114,0.8033575607,0.7958053577,0.7727718735,0.8273879514,0.8010667729,0.7198914866,0.8551975496,0.8614776701,0.7757192682,0.8923635543,0.6975733814,0.7250069436,0.9148864547,arthur-hydeki
winequality-red,tree,f1,0.7850585589,0.7529439248,0.8038961394,0.8433610612,0.8207708484,0.9076839497,0.6965869991,0.6968236404,0.8269565054,0.7583747919,0.7938919498,0.8377931656,0.7640936333,0.6652089384,0.9134719734,0.9379853535,0.6354784791,0.9221570363,0.7543911388,0.7270113876,arthur-hydeki
insurance,perceptron,acc,0.8544776119,0.8619402985,0.8432835821,0.8470149254,0.8656716418,0.8544776119,0.8432835821,0.8544776119,0.8395522388,0.8171641791,0.8432835821,0.8619402985,0.8283582090,0.8880597015,0.8320895522,0.8731343284,0.8134328358,0.8320895522,0.8619402985,0.8694029851,arthur-protazio
insurance,perceptron,f1,0.8481986815,0.8548945068,0.8390816870,0.8412045544,0.8627253146,0.8540710402,0.8396682612,0.8517629717,0.8388994681,0.8099407509,0.8361502310,0.8592185178,0.8226531714,0.8864556499,0.8285297244,0.8669374140,0.8039467041,0.8278682995,0.8598716853,0.8654922172,arthur-protazio
insurance,tree,acc,0.8097014925,0.8283582090,0.8507462687,0.8283582090,0.8171641791,0.8059701493,0.8246268657,0.8246268657,0.8358208955,0.8059701493,0.8134328358,0.7798507463,0.8395522388,0.8544776119,0.8432835821,0.8470149254,0.8134328358,0.8470149254,0.8283582090,0.8582089552,arthur-protazio
insurance,tree,f1,0.8099135635,0.8289835603,0.8518589254,0.8285076571,0.8172520966,0.8087684072,0.8250107934,0.8263229681,0.8361253743,0.8064184059,0.8133133130,0.7821100202,0.8395963559,0.8551609325,0.8430925195,0.8474366419,0.8110976027,0.8471558693,0.8285185031,0.8578468529,arthur-protazio
insurance,tree,acc,0.9029850746,0.8880597015,0.9029850746,0.8880597015,0.8992537313,0.8955223881,0.9141791045,0.9067164179,0.8880597015,0.8843283582,0.8805970149,0.8805970149,0.8880597015,0.9328358209,0.8843283582,0.9067164179,0.8432835821,0.8805970149,0.8992537313,0.9141791045,arthur-protazio
insurance,tree,f1,0.9013633791,0.8877769276,0.9024542386,0.8880839314,0.8981085821,0.8951240738,0.9142252535,0.9059512316,0.8876108399,0.8831494121,0.8788579646,0.8798984873,0.8870723493,0.9325101532,0.8841393791,0.9057835541,0.8399150705,0.8808222872,0.8990041592,0.9128498507,arthur-protazio
insurance,knn,acc,0.8134328358,0.8432835821,0.8134328358,0.7910447761,0.8544776119,0.8283582090,0.8432835821,0.8208955224,0.8097014925,0.8544776119,0.7910447761,0.8246268657,0.7985074627,0.8582089552,0.8134328358,0.8358208955,0.7985074627,0.7873134328,0.8507462687,0.8395522388,arthur-protazio
insurance,knn,f1,0.8113834408,0.8388986965,0.8069218797,0.7892090780,0.8525651994,0.8274197772,0.8403948965,0.8169613198,0.8066670090,0.8510138927,0.7841111389,0.8217668531,0.7961033424,0.8576231397,0.8108667680,0.8327278144,0.7942672096,0.7845452241,0.8489529547,0.8341196567,arthur-protazio
insurance,svm,acc,0.9029850746,0.9179104478,0.9104477612,0.8843283582,0.8955223881,0.9067164179,0.9067164179,0.9104477612,0.8843283582,0.8917910448,0.8656716418,0.8880597015,0.8805970149,0.9402985075,0.8880597015,0.8955223881,0.8507462687,0.8992537313,0.8955223881,0.9104477612,arthur-protazio
insurance,svm,f1,0.9009203147,0.9165297785,0.9090466041,0.8835551357,0.8943152123,0.9061917319,0.9067876159,0.9088209035,0.8840126905,0.8895972838,0.8618604667,0.8866187095,0.8793460443,0.9398839030,0.8871768151,0.8929893881,0.8467420146,0.8990468871,0.8945699228,0.9089203345,arthur-protazio
column_2C.csv,perceptron,f1,0.4433497537,0.8927354036,0.7254637835,0.5832332762,0.8001526662,0.6481205926,0.6044634378,0.7663872770,0.7971482378,0.7997198880,0.4235764236,0.5632583170,0.5987301587,0.5005446623,0.7171929825,0.6671626984,0.7567216392,0.7278688525,0.6978121757,0.6516036419,eduardo-barbeiro
column_2C.csv,perceptron,acc,0.5967741935,0.9032258065,0.7580645161,0.7258064516,0.8548387097,0.7903225806,0.7258064516,0.7741935484,0.8225806452,0.8225806452,0.5967741935,0.7096774194,0.7580645161,0.5645161290,0.7419354839,0.7741935484,0.8064516129,0.8225806452,0.7903225806,0.7741935484,eduardo-barbeiro
column_2C.csv,svm,f1,0.5139010828,0.4576850932,0.4746291959,0.5028985507,0.6154057583,0.4620268620,0.4492122720,0.4816993464,0.5431204740,0.5071168487,0.5410628019,0.4681003584,0.4902356902,0.4977954145,0.4615384615,0.4486727743,0.5068376068,0.5282935455,0.4891351586,0.4944560983,eduardo-barbeiro
column_2C.csv,svm,acc,0.7419354839,0.6129032258,0.6451612903,0.6612903226,0.7741935484,0.6935483871,0.6451612903,0.6451612903,0.7419354839,0.6774193548,0.7741935484,0.6290322581,0.6774193548,0.6612903226,0.6612903226,0.6129032258,0.6935483871,0.7096774194,0.6612903226,0.7258064516,eduardo-barbeiro
column_2C.csv,bayes,f1,0.8357142857,0.8770114943,0.7432950192,0.7056774643,0.6856800857,0.7205128205,0.9034578991,0.7347763348,0.8344877345,0.7167919799,0.8881446039,0.7762416795,0.7583157583,0.7861246612,0.7486821187,0.7532467532,0.8341044920,0.8310267472,0.8424691358,0.7002489885,eduardo-barbeiro
column_2C.csv,bayes,acc,0.8870967742,0.8870967742,0.7741935484,0.7580645161,0.7741935484,0.8064516129,0.9354838710,0.7419354839,0.8709677419,0.7580645161,0.9193548387,0.8225806452,0.8064516129,0.8064516129,0.8064516129,0.7903225806,0.8548387097,0.8709677419,0.8709677419,0.8064516129,eduardo-barbeiro
column_2C.csv,tree,f1,0.8238977165,0.8840492035,0.6895268474,0.6302997769,0.6939574568,0.6579535200,0.8221743982,0.7127196920,0.6980539862,0.7326923077,0.7057277391,0.7739695341,0.7822906619,0.7674757479,0.7720588235,0.6785340936,0.7139876719,0.7868162209,0.7160453925,0.6171868463,eduardo-barbeiro
column_2C.csv,tree,acc,0.8548387097,0.9032258065,0.7580645161,0.6935483871,0.8064516129,0.7741935484,0.8870967742,0.7258064516,0.7903225806,0.7580645161,0.7903225806,0.8225806452,0.8387096774,0.7903225806,0.8387096774,0.7580645161,0.7580645161,0.8387096774,0.7741935484,0.7419354839,eduardo-barbeiro
column_2C.csv,knn,f1,0.7760210804,0.6568366593,0.7130647131,0.6828271395,0.7688977689,0.7261538462,0.6620786621,0.7673992674,0.7361795293,0.7387309790,0.5950947603,0.6910600255,0.7739491691,0.7640760441,0.6971788029,0.6970335675,0.7377204540,0.7047619048,0.7281144781,0.5618067979,eduardo-barbeiro
column_2C.csv,knn,acc,0.8225806452,0.6935483871,0.7419354839,0.7258064516,0.8225806452,0.7903225806,0.7096774194,0.7741935484,0.7580645161,0.7580645161,0.7580645161,0.7258064516,0.8225806452,0.7741935484,0.7096774194,0.7258064516,0.7741935484,0.7419354839,0.7741935484,0.6774193548,eduardo-barbeiro
Automobile,perceptron,f1,0.0885733604,0.3090043290,0.6636363636,0.6126984127,0.3562732919,0.3545327222,0.3018518519,0.5356364768,0.4348208249,0.3683333333,0.4333036245,0.4309803922,0.5138026225,0.4444839371,0.2651727358,0.4411764706,0.4830724638,0.4654901961,0.4331349206,0.4353763883,eduardo-cavazin
Automobile,perceptron,acc,0.2258064516,0.4516129032,0.6774193548,0.6451612903,0.4571428571,0.4193548387,0.3548387097,0.6129032258,0.5483870968,0.5142857143,0.6451612903,0.5483870968,0.5483870968,0.4193548387,0.3142857143,0.5483870968,0.5483870968,0.6129032258,0.5161290323,0.5142857143,eduardo-cavazin
Automobile,svm,f1,0.2786764706,0.1663082437,0.1815652174,0.2530465950,0.1706730769,0.1586206897,0.2000000000,0.2475524476,0.2264957265,0.2891414141,0.2135874878,0.2645962733,0.2619047619,0.1772549020,0.1832844575,0.2724637681,0.2205405405,0.2685185185,0.1314655172,0.2307692308,eduardo-cavazin
Automobile,svm,acc,0.5483870968,0.3225806452,0.3548387097,0.5161290323,0.4285714286,0.3870967742,0.3870967742,0.4838709677,0.5483870968,0.4857142857,0.5483870968,0.5483870968,0.5161290323,0.3548387097,0.4285714286,0.5806451613,0.5161290323,0.5483870968,0.2903225806,0.4285714286,eduardo-cavazin
Automobile,bayes,f1,0.3161904762,0.3267142215,0.5336363636,0.3914285714,0.3169172932,0.3782558022,0.4982857143,0.4596425796,0.5422077922,0.3356060606,0.3428571429,0.4945209177,0.4676190476,0.4557142857,0.5022644023,0.3466666667,0.4705882353,0.4056364688,0.3309283309,0.5387362637,eduardo-cavazin
Automobile,bayes,acc,0.4516129032,0.5806451613,0.5806451613,0.4516129032,0.3428571429,0.5161290323,0.5483870968,0.5161290323,0.5483870968,0.4571428571,0.5483870968,0.5161290323,0.4838709677,0.4516129032,0.4571428571,0.4516129032,0.4516129032,0.4838709677,0.4516129032,0.5714285714,eduardo-cavazin
Automobile,tree,f1,0.6227106227,0.6063725490,0.8107961604,0.6799422799,0.6189002568,0.8384800385,0.8032517483,0.8165800866,0.8288429407,0.7082517483,0.7385296575,0.6923144488,0.6906060606,0.6302936829,0.8577677225,0.9487329435,0.5044444444,0.6615402142,0.5416971917,0.6933333333,eduardo-cavazin
Automobile,tree,acc,0.7741935484,0.7419354839,0.8387096774,0.8709677419,0.7714285714,0.8709677419,0.8387096774,0.8387096774,0.8387096774,0.8285714286,0.8709677419,0.8387096774,0.6774193548,0.7096774194,0.8571428571,0.9354838710,0.8064516129,0.7419354839,0.6451612903,0.6857142857,eduardo-cavazin
Automobile,knn,f1,0.6548387097,0.4109311741,0.4142704518,0.4261437908,0.3579365079,0.3199197861,0.4641284641,0.3730158730,0.3424723425,0.4366300366,0.3731481481,0.5985797828,0.4536651584,0.2870370370,0.3845506346,0.2769063181,0.6269980507,0.4048447205,0.5167378917,0.2808143547,eduardo-cavazin
Automobile,knn,acc,0.7096774194,0.5161290323,0.5483870968,0.5483870968,0.4571428571,0.4838709677,0.6129032258,0.5161290323,0.5483870968,0.5714285714,0.6451612903,0.7419354839,0.5806451613,0.3548387097,0.5428571429,0.5806451613,0.6774193548,0.5161290323,0.6129032258,0.3714285714,eduardo-cavazin
accelerator-mobile,perceptron,f1,0.4960000000,0.4950000000,0.4950000000,0.4960000000,0.4950000000,0.4950000000,0.4950000000,0.4950000000,0.4960000000,0.4960000000,0.4970000000,0.4940000000,0.4980000000,0.4950000000,0.4960000000,0.4950000000,0.4970000000,0.4950000000,0.4960000000,0.4950000000,gregory--soares
accelerator-mobile,perceptron,acc,0.9820000000,0.9810000000,0.9820000000,0.9840000000,0.9820000000,0.9820000000,0.9800000000,0.9810000000,0.9840000000,0.9840000000,0.9830000000,0.9820000000,0.9840000000,0.9810000000,0.9830000000,0.9820000000,0.9830000000,0.9810000000,0.9840000000,0.9820000000,gregory--soares
accelerator-mobile,svm,f1,0.8290000000,0.8130000000,0.7820000000,0.8270000000,0.7880000000,0.8030000000,0.8320000000,0.8000000000,0.7990000000,0.8250000000,0.8300000000,0.8120000000,0.8280000000,0.8150000000,0.8310000000,0.8140000000,0.8290000000,0.8130000000,0.8270000000,0.8160000000,gregory--soares
accelerator-mobile,svm,acc,0.9900000000,0.9880000000,0.9870000000,0.9900000000,0.9870000000,0.9880000000,0.9890000000,0.9870000000,0.9890000000,0.9900000000,0.9880000000,0.9890000000,0.9900000000,0.9880000000,0.9900000000,0.9870000000,0.9900000000,0.9880000000,0.9890000000,0.9880000000,gregory--soares
accelerator-mobile,bayes,f1,0.4960000000,0.4950000000,0.4950000000,0.6200000000,0.4950000000,0.4960000000,0.6520000000,0.4950000000,0.4960000000,0.4960000000,0.4970000000,0.4950000000,0.4960000000,0.4950000000,0.4970000000,0.4950000000,0.4960000000,0.4950000000,0.4970000000,0.4950000000,gregory--soares
accelerator-mobile,bayes,acc,0.9820000000,0.9810000000,0.9820000000,0.9750000000,0.9820000000,0.9820000000,0.9750000000,0.9810000000,0.9840000000,0.9840000000,0.9830000000,0.9820000000,0.9840000000,0.9810000000,0.9830000000,0.9820000000,0.9830000000,0.9810000000,0.9840000000,0.9820000000,gregory--soares
accelerator-mobile,tree,f1,0.9140000000,0.9170000000,0.9240000000,0.9070000000,0.9340000000,0.9130000000,0.9240000000,0.9220000000,0.9330000000,0.9100000000,0.9150000000,0.9180000000,0.9250000000,0.9110000000,0.9350000000,0.9140000000,0.9260000000,0.9130000000,0.9340000000,0.9120000000,gregory--soares
accelerator-mobile,tree,acc,0.9940000000,0.9940000000,0.9950000000,0.9940000000,0.9950000000,0.9930000000,0.9940000000,0.9940000000,0.9960000000,0.9940000000,0.9950000000,0.9940000000,0.9960000000,0.9930000000,0.9950000000,0.9940000000,0.9950000000,0.9930000000,0.9960000000,0.9940000000,gregory--soares
accelerator-mobile,knn,f1,0.8530000000,0.8210000000,0.8300000000,0.8430000000,0.8290000000,0.8340000000,0.8530000000,0.8310000000,0.8030000000,0.8540000000,0.8520000000,0.8220000000,0.8310000000,0.8440000000,0.8300000000,0.8350000000,0.8540000000,0.8320000000,0.8040000000,0.8550000000,gregory--soares
accelerator-mobile,knn,acc,0.9900000000,0.9870000000,0.9880000000,0.9900000000,0.9880000000,0.9890000000,0.9890000000,0.9870000000,0.9870000000,0.9900000000,0.9880000000,0.9890000000,0.9900000000,0.9880000000,0.9900000000,0.9870000000,0.9900000000,0.9880000000,0.9890000000,0.9880000000,gregory--soares
iris,perceptron,acc,0.9000000000,0.9333333333,0.0666666667,0.7000000000,0.9000000000,0.9333333333,0.0666666667,0.7000000000,0.9000000000,0.9333333333,0.0666666667,0.7000000000,0.9000000000,0.9333333333,0.0666666667,0.7000000000,0.9000000000,0.9333333333,0.0666666667,0.7000000000,gustavo--cruz-v2
iris,perceptron,f1,0.4736842105,0.9282296651,0.0416666667,0.6996662959,0.4736842105,0.9282296651,0.0416666667,0.6996662959,0.4736842105,0.9282296651,0.0416666667,0.6996662959,0.4736842105,0.9282296651,0.0416666667,0.6996662959,0.4736842105,0.9282296651,0.0416666667,0.6996662959,gustavo--cruz-v2
iris,svm,acc,1.0000000000,0.5000000000,0.9666666667,0.3333333333,1.0000000000,0.5000000000,0.9666666667,0.3333333333,1.0000000000,0.5000000000,0.9666666667,0.3333333333,1.0000000000,0.5000000000,0.9666666667,0.3333333333,1.0000000000,0.5000000000,0.9666666667,0.3333333333,gustavo--cruz-v2
iris,svm,f1,1.0000000000,0.3333333333,0.9647473561,0.2500000000,1.0000000000,0.3333333333,0.9647473561,0.2500000000,1.0000000000,0.3333333333,0.9647473561,0.2500000000,1.0000000000,0.3333333333,0.9647473561,0.2500000000,1.0000000000,0.3333333333,0.9647473561,0.2500000000,gustavo--cruz-v2
iris,bayes,acc,0.9666666667,1.0000000000,0.9000000000,0.9666666667,0.9666666667,1.0000000000,0.9000000000,0.9666666667,0.9666666667,1.0000000000,0.9000000000,0.9666666667,0.9666666667,1.0000000000,0.9000000000,0.9666666667,0.9666666667,1.0000000000,0.9000000000,0.9666666667,gustavo--cruz-v2
iris,bayes,f1,0.6470588235,1.0000000000,0.4736842105,0.9657142857,0.6470588235,1.0000000000,0.4736842105,0.9657142857,0.6470588235,1.0000000000,0.4736842105,0.9657142857,0.6470588235,1.0000000000,0.4736842105,0.9657142857,0.6470588235,1.0000000000,0.4736842105,0.9657142857,gustavo--cruz-v2
iris,tree,acc,0.8333333333,0.9666666667,1.0000000000,0.7000000000,0.8333333333,0.9666666667,1.0000000000,0.7000000000,0.8333333333,0.9666666667,1.0000000000,0.7000000000,0.8333333333,0.9666666667,1.0000000000,0.7000000000,0.8333333333,0.9666666667,1.0000000000,0.7000000000,gustavo--cruz-v2
iris,tree,f1,0.4545454545,0.6444444444,1.0000000000,0.4117647059,0.4545454545,0.6444444444,1.0000000000,0.4117647059,0.4545454545,0.6444444444,1.0000000000,0.4117647059,0.4545454545,0.6444444444,1.0000000000,0.4117647059,0.4545454545,0.6444444444,1.0000000000,0.4117647059,gustavo--cruz-v2
iris,knn,acc,0.9666666667,0.8333333333,1.0000000000,1.0000000000,0.9666666667,0.8333333333,1.0000000000,1.0000000000,0.9666666667,0.8333333333,1.0000000000,1.0000000000,0.9666666667,0.8333333333,1.0000000000,1.0000000000,0.9666666667,0.8333333333,1.0000000000,1.0000000000,gustavo--cruz-v2
iris,knn,f1,0.9663299663,0.4545454545,1.0000000000,1.0000000000,0.9663299663,0.4545454545,1.0000000000,1.0000000000,0.9663299663,0.4545454545,1.0000000000,1.0000000000,0.9663299663,0.4545454545,1.0000000000,1.0000000000,0.9663299663,0.4545454545,1.0000000000,1.0000000000,gustavo--cruz-v2
garments-workers,perceptron,acc,0.7714932127,0.6425339367,0.6719457014,0.7692307692,0.7647058824,0.8122171946,0.5203619910,0.7737556561,0.7782805430,0.7692307692,0.8099547511,0.8031674208,0.7669683258,0.7601809955,0.7058823529,0.7579185520,0.7760180995,0.8167420814,0.7556561086,0.7692307692,isaque--cruz
garments-workers,perceptron,f1,0.6271724334,0.6151014109,0.6593476100,0.6108080110,0.5310344828,0.6537848117,0.5203227061,0.6108058608,0.6296638282,0.5012169757,0.6794889503,0.6927097068,0.5497601741,0.5280061251,0.6751249519,0.5727076425,0.5961011270,0.6953617590,0.6433886150,0.5568181818,isaque--cruz
garments-workers,svm,acc,0.7285067873,0.7714932127,0.7511312217,0.7375565611,0.7533936652,0.7647058824,0.7443438914,0.7217194570,0.7556561086,0.7624434389,0.7579185520,0.7307692308,0.7488687783,0.7443438914,0.7669683258,0.7239819005,0.7647058824,0.7669683258,0.7420814480,0.7443438914,isaque--cruz
garments-workers,svm,f1,0.4371816638,0.4630438182,0.4909326967,0.4701554233,0.4385044812,0.4600892647,0.4804813863,0.4345062878,0.4641702586,0.4752077797,0.4571582705,0.4456073781,0.4758501330,0.4664059913,0.4694124914,0.4498673740,0.4683567728,0.4926843401,0.4425366199,0.4434303926,isaque--cruz
garments-workers,bayes,acc,0.7737556561,0.8144796380,0.7805429864,0.7760180995,0.7963800905,0.8167420814,0.7579185520,0.8009049774,0.7737556561,0.7986425339,0.8076923077,0.7963800905,0.7805429864,0.7805429864,0.7873303167,0.7647058824,0.8031674208,0.8076923077,0.7782805430,0.7850678733,isaque--cruz
garments-workers,bayes,f1,0.6422211429,0.6959089841,0.6451855836,0.6588947873,0.6532064023,0.6863298259,0.6342728995,0.7004036109,0.6108058608,0.6773537397,0.6862342261,0.6834516345,0.6419378816,0.6514393958,0.6481368564,0.6565964440,0.6696476895,0.6971992746,0.6223803048,0.6427082358,isaque--cruz
garments-workers,tree,acc,0.7963800905,0.7918552036,0.8031674208,0.7918552036,0.8076923077,0.8461538462,0.7647058824,0.8054298643,0.7805429864,0.7895927602,0.8144796380,0.8393665158,0.7895927602,0.7782805430,0.8076923077,0.7918552036,0.7782805430,0.8031674208,0.7963800905,0.7873303167,isaque--cruz
garments-workers,tree,f1,0.7112453181,0.7265513624,0.7359563292,0.7199217566,0.7354281248,0.7802923977,0.6994141034,0.7540631470,0.6876962188,0.7211318630,0.7369124009,0.7831821416,0.7211318630,0.7152136752,0.7161593497,0.7421890850,0.7052611524,0.7375565611,0.7276834611,0.7025231263,isaque--cruz
garments-workers,knn,acc,0.7850678733,0.8099547511,0.7918552036,0.7850678733,0.7895927602,0.8303167421,0.7624434389,0.7782805430,0.7895927602,0.7737556561,0.7895927602,0.7986425339,0.8122171946,0.8009049774,0.7647058824,0.7714932127,0.7963800905,0.8235294118,0.7895927602,0.7669683258,isaque--cruz
garments-workers,knn,f1,0.7168099815,0.7376854599,0.7311719907,0.7134238311,0.7142142038,0.7602048567,0.6832579186,0.7152136752,0.7194570136,0.6992460739,0.7005747252,0.7265060660,0.7449438593,0.7399443731,0.6853231106,0.7203635612,0.7355404866,0.7595480541,0.7005747252,0.6772922205,isaque--cruz
wine,perceptron,acc,0.9722222222,0.9166666667,0.9722222222,0.9714285714,1.0000000000,1.0000000000,0.9722222222,0.9444444444,0.9714285714,0.9428571429,1.0000000000,0.9444444444,0.9722222222,0.9714285714,0.9714285714,0.9444444444,0.9722222222,1.0000000000,0.9714285714,0.9714285714,larissa-v2
wine,perceptron,f1,0.9743209877,0.9163636364,0.9709618875,0.9696394687,1.0000000000,1.0000000000,0.9717813051,0.9487179487,0.9726327313,0.9432492997,1.0000000000,0.9487179487,0.9743209877,0.9731615674,0.9701104613,0.9457411645,0.9709618875,1.0000000000,0.9731615674,0.9701104613,larissa-v2
wine,svm,acc,0.9722222222,0.9444444444,0.9722222222,0.9714285714,1.0000000000,1.0000000000,0.9722222222,1.0000000000,1.0000000000,1.0000000000,1.0000000000,1.0000000000,1.0000000000,1.0000000000,0.9714285714,0.9722222222,0.9722222222,1.0000000000,1.0000000000,0.9714285714,larissa-v2
wine,svm,f1,0.9717813051,0.9440559441,0.9709618875,0.9696394687,1.0000000000,1.0000000000,0.9717813051,1.0000000000,1.0000000000,1.0000000000,1.0000000000,1.0000000000,1.0000000000,1.0000000000,0.9701104613,0.9747545582,0.9709618875,1.0000000000,1.0000000000,0.9701104613,larissa-v2
wine,bayes,acc,0.9444444444,0.9444444444,1.0000000000,1.0000000000,1.0000000000,1.0000000000,0.9444444444,0.9722222222,0.9714285714,1.0000000000,0.9444444444,1.0000000000,1.0000000000,0.9714285714,0.9428571429,0.9444444444,0.9722222222,1.0000000000,1.0000000000,0.9428571429,larissa-v2
wine,bayes,f1,0.9458247067,0.9440559441,1.0000000000,1.0000000000,1.0000000000,1.0000000000,0.9440559441,0.9740129935,0.9726327313,1.0000000000,0.9428571429,1.0000000000,1.0000000000,0.9726327313,0.9441538629,0.9457411645,0.9709618875,1.0000000000,1.0000000000,0.9441538629,larissa-v2
wine,knn,acc,0.9166666667,0.8888888889,0.9166666667,1.0000000000,1.0000000000,0.9722222222,0.8888888889,1.0000000000,1.0000000000,0.9714285714,0.8888888889,0.9722222222,1.0000000000,1.0000000000,0.9428571429,1.0000000000,0.9722222222,0.9722222222,0.9428571429,0.9142857143,larissa-v2
wine,knn,f1,0.9163636364,0.8876328502,0.9162962963,1.0000000000,1.0000000000,0.9751724138,0.8876328502,1.0000000000,1.0000000000,0.9743209877,0.8877655678,0.9743209877,1.0000000000,1.0000000000,0.9434817814,1.0000000000,0.9709618875,0.9743209877,0.9439932049,0.9133333333,larissa-v2
wine,tree,acc,0.9444444444,0.8055555556,0.9722222222,0.9428571429,0.9714285714,0.9166666667,0.9444444444,0.8611111111,0.8857142857,0.9428571429,0.8888888889,0.9444444444,0.9444444444,0.9428571429,0.9714285714,0.9444444444,0.9722222222,0.8611111111,0.8571428571,0.9142857143,larissa-v2
wine,tree,f1,0.9484126984,0.8088405797,0.9740129935,0.9375000000,0.9701104613,0.9151468710,0.9451526252,0.8646066577,0.8870509607,0.9432492997,0.8902691511,0.9453132832,0.9444694357,0.9465811966,0.9740129935,0.9457411645,0.9691228070,0.8621193789,0.8600000000,0.9176703514,larissa-v2
tic-tac-toe,perceptron,f1,0.4000000000,0.5500000000,0.5100000000,0.4000000000,0.4000000000,0.4400000000,0.3400000000,0.4700000000,0.5300000000,0.5000000000,0.4100000000,0.4100000000,0.3200000000,0.5400000000,0.3100000000,0.5200000000,0.3900000000,0.5200000000,0.5100000000,0.5400000000,leandro-menoni
tic-tac-toe,perceptron,acc,0.6600000000,0.5700000000,0.5200000000,0.6100000000,0.6600000000,0.4400000000,0.4100000000,0.6600000000,0.6300000000,0.5100000000,0.6600000000,0.6700000000,0.3800000000,0.5900000000,0.3600000000,0.6600000000,0.6300000000,0.5200000000,0.6600000000,0.5600000000,leandro-menoni
tic-tac-toe,svm,f1,0.4600000000,0.4100000000,0.4500000000,0.4200000000,0.5000000000,0.4200000000,0.3900000000,0.4200000000,0.4500000000,0.4500000000,0.4500000000,0.4800000000,0.4400000000,0.4000000000,0.4200000000,0.4600000000,0.4400000000,0.4600000000,0.4600000000,0.4400000000,leandro-menoni
tic-tac-toe,svm,acc,0.6800000000,0.6500000000,0.7100000000,0.6200000000,0.6900000000,0.6900000000,0.6100000000,0.6400000000,0.6600000000,0.7100000000,0.6800000000,0.6900000000,0.6700000000,0.6400000000,0.6600000000,0.7000000000,0.6500000000,0.6800000000,0.6700000000,0.6500000000,leandro-menoni
tic-tac-toe,bayes,f1,0.6000000000,0.5900000000,0.5900000000,0.5200000000,0.5900000000,0.5900000000,0.6100000000,0.5800000000,0.5800000000,0.5700000000,0.5900000000,0.5500000000,0.5900000000,0.5900000000,0.5700000000,0.5900000000,0.6200000000,0.5200000000,0.5900000000,0.5300000000,leandro-menoni
tic-tac-toe,bayes,acc,0.7300000000,0.7200000000,0.7300000000,0.6600000000,0.7200000000,0.7300000000,0.7000000000,0.7000000000,0.7100000000,0.7400000000,0.7200000000,0.7000000000,0.7200000000,0.7100000000,0.7100000000,0.7400000000,0.7200000000,0.6800000000,0.7200000000,0.6700000000,leandro-menoni
tic-tac-toe,tree,f1,0.8600000000,0.8500000000,0.8500000000,0.8600000000,0.8500000000,0.8000000000,0.8300000000,0.9300000000,0.9200000000,0.8500000000,0.8400000000,0.8100000000,0.9300000000,0.8500000000,0.8600000000,0.8400000000,0.8400000000,0.8700000000,0.8000000000,0.8800000000,leandro-menoni
tic-tac-toe,tree,acc,0.8800000000,0.8600000000,0.8700000000,0.8600000000,0.8600000000,0.8300000000,0.8400000000,0.9400000000,0.9300000000,0.8700000000,0.8500000000,0.8300000000,0.9300000000,0.8600000000,0.8800000000,0.8600000000,0.8500000000,0.8900000000,0.8200000000,0.8900000000,leandro-menoni
tic-tac-toe,knn,f1,0.8300000000,0.8200000000,0.8100000000,0.7700000000,0.7400000000,0.7600000000,0.7400000000,0.8000000000,0.8400000000,0.7800000000,0.7800000000,0.7700000000,0.8300000000,0.7800000000,0.7700000000,0.7100000000,0.8300000000,0.7700000000,0.8000000000,0.7900000000,leandro-menoni
tic-tac-toe,knn,acc,0.8600000000,0.8400000000,0.8500000000,0.8100000000,0.8000000000,0.8200000000,0.7800000000,0.8300000000,0.8600000000,0.8300000000,0.8200000000,0.8100000000,0.8600000000,0.8100000000,0.8200000000,0.7800000000,0.8500000000,0.8200000000,0.8300000000,0.8200000000,leandro-menoni
wine-white,tree,acc,0.7834525026,0.7722165475,0.7681307457,0.7497446374,0.7589376915,0.7548518897,0.7711950970,0.7865168539,0.7599591420,0.7477017365,0.7885597549,0.7548518897,0.7783452503,0.7885597549,0.7722165475,0.7936670072,0.7783452503,0.7548518897,0.7395301328,0.7732379980,lucas-v2
wine-white,tree,f1,0.7471393762,0.7457246516,0.7350347253,0.7167797281,0.7294921509,0.7196288447,0.7328265107,0.7576264782,0.7291890562,0.6971435585,0.7666473600,0.7227780714,0.7467072044,0.7563402889,0.7383974587,0.7603560765,0.7427879580,0.7218987018,0.7166849948,0.7322605919,lucas-v2
wine-white,knn,acc,0.7834525026,0.7568947906,0.7732379980,0.7660878447,0.7385086823,0.7395301328,0.7885597549,0.7660878447,0.7609805924,0.7477017365,0.7783452503,0.7620020429,0.7681307457,0.7620020429,0.7711950970,0.7640449438,0.7589376915,0.7773237998,0.7589376915,0.7620020429,lucas-v2
wine-white,knn,f1,0.7480455283,0.7191258016,0.7322605919,0.7309035259,0.6929801350,0.6998394864,0.7481873861,0.7235571558,0.7309656235,0.7061871140,0.7479441555,0.7218400672,0.7238576649,0.7187284598,0.7308591065,0.7206122714,0.7174865740,0.7444782338,0.7282474712,0.7076889167,lucas-v2
wine-white,bayes,acc,0.7048008172,0.6813074566,0.7436159346,0.6996935649,0.6823289070,0.6772216547,0.7221654750,0.6935648621,0.7170582227,0.6925434116,0.7048008172,0.7037793667,0.6976506639,0.7068437181,0.7078651685,0.7088866190,0.7068437181,0.6905005107,0.7037793667,0.7180796731,lucas-v2
wine-white,bayes,f1,0.6669601585,0.6494808450,0.7019606178,0.6635188216,0.6474327130,0.6377945750,0.6843133536,0.6566518588,0.6846140874,0.6547263215,0.6755397045,0.6714734689,0.6518759851,0.6692649325,0.6711802065,0.6764447011,0.6677018964,0.6508267406,0.6767696778,0.6725657282,lucas-v2
wine-white,perceptron,acc,0.7405515832,0.6649642492,0.7538304392,0.6016343207,0.6741573034,0.6475995914,0.3656792646,0.7344228805,0.6567926456,0.7446373851,0.6710929520,0.6741573034,0.7211440245,0.6996935649,0.6864147089,0.7099080695,0.7109295199,0.3360572012,0.6710929520,0.5362614913,lucas-v2
wine-white,perceptron,f1,0.6264930305,0.4393994413,0.7168024006,0.6006338647,0.6701430221,0.6463583564,0.3167441563,0.7204331781,0.4447415330,0.6415579014,0.4634794744,0.6679362244,0.6978179832,0.5121527072,0.4718476800,0.5634898705,0.5626849722,0.2538249751,0.4922722587,0.5342081877,lucas-v2
wine-white,svm,acc,0.7517875383,0.7088866190,0.7599591420,0.7017364658,0.7313585291,0.7119509704,0.7354443309,0.7323799796,0.7129724208,0.7630234934,0.7344228805,0.7323799796,0.7313585291,0.7313585291,0.7313585291,0.7282941777,0.7313585291,0.7415730337,0.7170582227,0.7354443309,lucas-v2
wine-white,svm,f1,0.6542400816,0.6050390905,0.6593733945,0.5936003730,0.6365583020,0.6161958516,0.6303543808,0.6255022543,0.6105824015,0.6798488949,0.6401956350,0.6277674581,0.6313018998,0.6334351265,0.6280228552,0.6232174688,0.6302195758,0.6442796680,0.6304225467,0.6160057547,lucas-v2
data.csv,perceptron,acc,0.6950000000,0.6750000000,0.6475000000,0.6750000000,0.6000000000,0.6400000000,0.6725000000,0.7275000000,0.7025000000,0.6775000000,0.6925000000,0.6925000000,0.6825000000,0.6800000000,0.6650000000,0.6875000000,0.7225000000,0.6950000000,0.7025000000,0.7100000000,luiz-miguel-silva
data.csv,perceptron,f1,0.6261310545,0.5981664833,0.5593097457,0.5940008043,0.5668882347,0.5890546655,0.5979312874,0.6399687935,0.6216109769,0.6127871113,0.5970303522,0.6191356476,0.6019809998,0.6155234465,0.5519804045,0.6228110998,0.6217740414,0.5934001671,0.6136902599,0.6035542229,luiz-miguel-silva
data.csv,svm,acc,0.7325000000,0.7350000000,0.7375000000,0.7450000000,0.7300000000,0.7350000000,0.7550000000,0.7550000000,0.7025000000,0.7325000000,0.7450000000,0.7775000000,0.7425000000,0.7125000000,0.7300000000,0.7550000000,0.7525000000,0.7400000000,0.7050000000,0.7325000000,luiz-miguel-silva
data.csv,svm,f1,0.5785650624,0.6054484049,0.6185579730,0.6463982584,0.6141906405,0.6186957689,0.6437229874,0.6505172707,0.5645571858,0.6053820899,0.6313874034,0.6656486708,0.6286637012,0.5917733462,0.5915979910,0.6421473968,0.6365877642,0.5758127412,0.5816328241,0.6198541520,luiz-miguel-silva
data.csv,bayes,acc,0.6750000000,0.6700000000,0.6625000000,0.6800000000,0.6150000000,0.6325000000,0.6575000000,0.6650000000,0.6550000000,0.6675000000,0.6500000000,0.6550000000,0.6525000000,0.6325000000,0.6475000000,0.6575000000,0.6875000000,0.6575000000,0.6700000000,0.6950000000,luiz-miguel-silva
data.csv,bayes,f1,0.5759757355,0.5824775353,0.5305674718,0.5750612075,0.5064840570,0.5387386825,0.5546750916,0.5698845161,0.5501327107,0.5648377826,0.5504330747,0.5379115379,0.5455736030,0.5219004628,0.5438427871,0.5749398569,0.6154658148,0.5625985401,0.5863101789,0.6063515510,luiz-miguel-silva
data.csv,knn,acc,0.6675000000,0.6550000000,0.6800000000,0.6800000000,0.6200000000,0.6525000000,0.6750000000,0.6975000000,0.6700000000,0.6900000000,0.6450000000,0.6850000000,0.6600000000,0.6525000000,0.6475000000,0.6700000000,0.6825000000,0.6700000000,0.6625000000,0.6850000000,luiz-miguel-silva
data.csv,knn,f1,0.5655992920,0.5519182965,0.5707945914,0.5923602008,0.5286943585,0.5654730676,0.5950935501,0.6270438003,0.5904093586,0.5968461167,0.5399483932,0.6010221990,0.5683539529,0.5657320937,0.5315616423,0.5719560499,0.5715530806,0.5903212084,0.5569435068,0.5784645467,luiz-miguel-silva
data.csv,tree,acc,0.6550000000,0.6475000000,0.6475000000,0.6500000000,0.6600000000,0.6650000000,0.6425000000,0.6700000000,0.6650000000,0.6550000000,0.6550000000,0.6600000000,0.6500000000,0.6150000000,0.6200000000,0.6875000000,0.6475000000,0.6675000000,0.6350000000,0.6625000000,luiz-miguel-silva
data.csv,tree,f1,0.5911057746,0.5704033383,0.5786900342,0.5998562342,0.6097467045,0.5963567873,0.5881816539,0.6151832144,0.6058234290,0.5876333298,0.5974698049,0.5909266522,0.5938214938,0.5554133945,0.5547093761,0.6179592010,0.5853045295,0.6002051417,0.5754342050,0.6103842629,luiz-miguel-silva
breast-cancer-wisconsin.csv,perceptron,acc,0.9357142857,0.9500000000,0.9500000000,0.9642857143,0.9640287770,0.9642857143,0.9214285714,0.9571428571,0.9714285714,0.9352517986,0.9642857143,0.9857142857,0.9642857143,0.9642857143,0.9424460432,0.9428571429,0.9428571429,0.9571428571,0.9857142857,0.9568345324,mateus--raskoski
breast-cancer-wisconsin.csv,perceptron,f1,0.9355496850,0.9492877493,0.9505392997,0.9643674312,0.9639377368,0.9646709284,0.9225448020,0.9571428571,0.9715555556,0.9343386195,0.9645168427,0.9857142857,0.9646709284,0.9639961556,0.9421465603,0.9422557767,0.9435747333,0.9566671072,0.9857815654,0.9568345324,mateus--raskoski
breast-cancer-wisconsin.csv,svm,acc,0.9571428571,0.9642857143,0.9714285714,0.9642857143,0.9712230216,0.9714285714,0.9642857143,0.9571428571,0.9857142857,0.9568345324,0.9571428571,0.9928571429,0.9571428571,0.9928571429,0.9424460432,0.9928571429,0.9428571429,0.9500000000,0.9857142857,0.9496402878,mateus--raskoski
breast-cancer-wisconsin.csv,svm,f1,0.9573446961,0.9641942695,0.9715631307,0.9645168427,0.9714752243,0.9715631307,0.9645308651,0.9571428571,0.9857777778,0.9570351882,0.9576486014,0.9928744457,0.9573446961,0.9928744457,0.9424460432,0.9928734862,0.9437562438,0.9498719772,0.9857815654,0.9497607587,mateus--raskoski
breast-cancer-wisconsin.csv,bayes,acc,0.9500000000,0.9571428571,0.9642857143,0.9642857143,0.9640287770,0.9714285714,0.9571428571,0.9500000000,0.9714285714,0.9496402878,0.9500000000,0.9857142857,0.9428571429,0.9785714286,0.9424460432,0.9785714286,0.9571428571,0.9500000000,0.9785714286,0.9424460432,mateus--raskoski
breast-cancer-wisconsin.csv,bayes,f1,0.9503432111,0.9573446961,0.9645308651,0.9645168427,0.9644110857,0.9715631307,0.9575238095,0.9503432111,0.9716677682,0.9499813050,0.9506666667,0.9857815654,0.9433650794,0.9787185191,0.9424460432,0.9787101056,0.9576810499,0.9501211199,0.9787185191,0.9429504486,mateus--raskoski
breast-cancer-wisconsin.csv,knn,acc,0.9642857143,0.9714285714,0.9642857143,0.9714285714,0.9712230216,0.9714285714,0.9642857143,0.9714285714,0.9857142857,0.9496402878,0.9857142857,0.9857142857,0.9571428571,0.9857142857,0.9208633094,0.9714285714,0.9500000000,0.9642857143,0.9785714286,0.9496402878,mateus--raskoski
breast-cancer-wisconsin.csv,knn,f1,0.9643722285,0.9712782299,0.9643722285,0.9714285714,0.9713567921,0.9714285714,0.9646709284,0.9714285714,0.9857777778,0.9489300374,0.9857777778,0.9857142857,0.9571428571,0.9857142857,0.9202285600,0.9712862319,0.9507103286,0.9639961556,0.9786233371,0.9495128315,mateus--raskoski
breast-cancer-wisconsin.csv,tree,acc,0.9285714286,0.9285714286,0.9357142857,0.9285714286,0.9280575540,0.9357142857,0.9285714286,0.9357142857,0.9571428571,0.9208633094,0.9500000000,0.9500000000,0.9357142857,0.9500000000,0.9352517986,0.9285714286,0.9357142857,0.9500000000,0.9357142857,0.8992805755,mateus--raskoski
breast-cancer-wisconsin.csv,tree,f1,0.9285714286,0.9273182957,0.9347985348,0.9285714286,0.9276832003,0.9355496850,0.9285714286,0.9351930802,0.9573333333,0.9202285600,0.9503235798,0.9495946179,0.9358700113,0.9495946179,0.9354066897,0.9269005848,0.9361555572,0.9501211199,0.9358700113,0.8975304862,mateus--raskoski
iris,perceptron,acc,0.7000000000,0.6666666667,0.8000000000,0.6666666667,0.6333333333,0.3333333333,0.5333333333,0.7666666667,0.6666666667,0.8666666667,0.6666666667,0.4000000000,0.8666666667,0.9000000000,0.6000000000,0.8333333333,0.7000000000,0.6333333333,0.8000000000,0.7000000000,pablo-v2
iris,perceptron,f1,0.6800275076,0.5367686527,0.7802197802,0.5341880342,0.5308432371,0.1666666667,0.4460784314,0.7340930674,0.5473453749,0.8666666667,0.5555555556,0.2793650794,0.8680770554,0.8997493734,0.5046296296,0.8317654038,0.6105499439,0.6006746785,0.7927790491,0.6050505051,pablo-v2
iris,svm,acc,1.0000000000,0.9666666667,1.0000000000,0.9333333333,0.9333333333,0.9666666667,1.0000000000,1.0000000000,0.9000000000,0.9000000000,0.9666666667,0.9666666667,0.9666666667,1.0000000000,1.0000000000,0.9666666667,0.9666666667,0.9666666667,0.9666666667,0.9666666667,pablo-v2
iris,svm,f1,1.0000000000,0.9665831245,1.0000000000,0.9333333333,0.9326599327,0.9665831245,1.0000000000,1.0000000000,0.8976982097,0.8997493734,0.9665831245,0.9665831245,0.9665831245,1.0000000000,1.0000000000,0.9665831245,0.9665831245,0.9665831245,0.9665831245,0.9665831245,pablo-v2
iris,bayes,acc,1.0000000000,0.9333333333,1.0000000000,0.9333333333,0.9000000000,0.9666666667,0.9666666667,0.9666666667,1.0000000000,0.9000000000,1.0000000000,0.9333333333,0.9333333333,0.9666666667,0.9666666667,0.9333333333,1.0000000000,1.0000000000,0.9666666667,0.9333333333,pablo-v2
iris,bayes,f1,1.0000000000,0.9326599327,1.0000000000,0.9333333333,0.8976982097,0.9665831245,0.9665831245,0.9665831245,1.0000000000,0.8997493734,1.0000000000,0.9333333333,0.9326599327,0.9665831245,0.9665831245,0.9326599327,1.0000000000,1.0000000000,0.9665831245,0.9333333333,pablo-v2
iris,knn,acc,1.0000000000,0.9666666667,1.0000000000,0.9666666667,0.9666666667,0.9333333333,0.9666666667,1.0000000000,0.9333333333,0.9333333333,0.9666666667,0.9666666667,0.9666666667,0.9333333333,0.9666666667,0.9666666667,0.9333333333,1.0000000000,1.0000000000,1.0000000000,pablo-v2
iris,knn,f1,1.0000000000,0.9665831245,1.0000000000,0.9665831245,0.9665831245,0.9326599327,0.9665831245,1.0000000000,0.9326599327,0.9333333333,0.9665831245,0.9665831245,0.9665831245,0.9333333333,0.9665831245,0.9665831245,0.9326599327,1.0000000000,1.0000000000,1.0000000000,pablo-v2
iris,tree,acc,1.0000000000,0.8666666667,1.0000000000,0.8666666667,0.9000000000,0.9666666667,0.9333333333,1.0000000000,0.9333333333,0.9000000000,0.9666666667,0.9666666667,0.9333333333,0.9333333333,0.9666666667,0.9333333333,0.9333333333,0.9666666667,0.9666666667,0.9333333333,pablo-v2
iris,tree,f1,1.0000000000,0.8653198653,1.0000000000,0.8653198653,0.8976982097,0.9665831245,0.9333333333,1.0000000000,0.9326599327,0.8997493734,0.9665831245,0.9665831245,0.9326599327,0.9326599327,0.9665831245,0.9326599327,0.9326599327,0.9665831245,0.9665831245,0.9333333333,pablo-v2
bank,perceptron,acc,0.6955568172,0.7877937566,0.6719125859,0.7301722902,0.7159822186,0.7857959164,0.6738088823,0.7933050324,0.7546709581,0.6576190118,0.6846331673,0.6219542854,0.8352074772,0.6936216375,0.7265359276,0.7640156657,0.8173110422,0.7210317225,0.7014422050,0.6266169339,rafael-leonardo
bank,perceptron,f1,0.6780238246,0.7588583952,0.5666356054,0.5243164728,0.5447309250,0.5116465745,0.7437734508,0.5024362159,0.7773546705,0.6698805308,0.6358098223,0.5231118396,0.5258271309,0.7682048977,0.7681369050,0.7666367446,0.7648938629,0.6671296010,0.7939093712,0.7309558420,rafael-leonardo
bank,svm,acc,0.6938500313,0.6794029916,0.6782697899,0.6681235059,0.7624268401,0.6474658118,0.6127174242,0.7707879124,0.8354528611,0.6381364750,0.8420866130,0.6900097035,0.6008193824,0.7474910874,0.6522863120,0.6318122738,0.7968632611,0.7674440311,0.7383601008,0.6244296940,rafael-leonardo
bank,svm,f1,0.7458385624,0.7126861205,0.7055287957,0.5902503882,0.7631225379,0.5420406316,0.7896282088,0.6397963990,0.7335891901,0.7079609497,0.6289367178,0.6348256832,0.5035736975,0.6925033474,0.5380623947,0.6818967547,0.5437090961,0.5424371822,0.5574820570,0.6184919350,rafael-leonardo
bank,bayes,acc,0.7394879322,0.7105181716,0.8107937706,0.7065304702,0.6978619334,0.6642015076,0.6331360757,0.8161086518,0.7410733974,0.8486864487,0.6080273671,0.6308711317,0.6011786741,0.6140590746,0.7407461494,0.6654996213,0.8002690843,0.6455301240,0.7172576472,0.8341129688,rafael-leonardo
bank,bayes,f1,0.5843560337,0.6926691903,0.7919299938,0.7181560141,0.5917156226,0.7581946857,0.6565673577,0.6221967743,0.5216817805,0.6209737674,0.5169524574,0.5812323964,0.6456748136,0.7414320000,0.7281979779,0.7939403463,0.6645327731,0.7592309299,0.6411967877,0.5218096502,rafael-leonardo
bank,knn,acc,0.7991536057,0.6004925781,0.6260799566,0.6264583818,0.6037075436,0.6664062774,0.8264531073,0.6372395949,0.6319583651,0.7749581429,0.8476638148,0.8089983544,0.6706142525,0.6044359249,0.7690165728,0.8015949701,0.6795600677,0.8266412842,0.6213599369,0.7986349845,rafael-leonardo
bank,knn,f1,0.7523618747,0.7601722267,0.7700512987,0.7292640883,0.6506826764,0.7675537983,0.6230988958,0.6151973794,0.6519138612,0.5884653705,0.7183534229,0.6425893110,0.6202492500,0.7154971935,0.5039946989,0.7721559757,0.5839912912,0.6564522859,0.7603188477,0.5199882139,rafael-leonardo
bank,tree,acc,0.6970751069,0.7264973934,0.7114373280,0.7624734956,0.8167619890,0.6406719767,0.6405037794,0.8475936549,0.7052607666,0.6835711861,0.8339910601,0.6468120802,0.7606478739,0.6348367244,0.7558633372,0.6723895262,0.7422446690,0.7659291124,0.7581780317,0.7669411553,rafael-leonardo
bank,tree,f1,0.7531224179,0.7998006615,0.5725748850,0.5612949767,0.5851425491,0.6703340588,0.5363719956,0.7524368236,0.7068622018,0.6956054741,0.7187857428,0.5038114901,0.5903354961,0.6406714643,0.7403676365,0.6265535721,0.5435028652,0.5001496031,0.7581785229,0.6089857041,rafael-leonardo
Rice,perceptron,acc,0.7000000000,0.7333333333,0.4666666667,0.6666666667,0.9333333333,0.6666666667,0.6666666667,0.9000000000,0.8000000000,0.4000000000,0.9000000000,0.8000000000,1.0000000000,0.5333333333,0.9000000000,0.9333333333,0.9666666667,0.9666666667,0.9000000000,0.8666666667,rafael-scarpelli
Rice,perceptron,f1,0.6238244514,0.6825396825,0.3996373996,0.5341880342,0.9333333333,0.5555555556,0.5555555556,0.8976982097,0.7802197802,0.2865497076,0.8950004244,0.7802197802,1.0000000000,0.4650178253,0.8997493734,0.9326599327,0.9665831245,0.9665831245,0.8950004244,0.8653198653,rafael-scarpelli
Rice,svm,acc,0.9666666667,1.0000000000,1.0000000000,1.0000000000,0.9666666667,0.9666666667,1.0000000000,0.9666666667,0.9666666667,1.0000000000,0.9666666667,1.0000000000,0.9666666667,1.0000000000,0.9666666667,0.9666666667,0.9666666667,1.0000000000,0.9666666667,1.0000000000,rafael-scarpelli
Rice,svm,f1,0.9665831245,1.0000000000,1.0000000000,1.0000000000,0.9665831245,0.9665831245,1.0000000000,0.9665831245,0.9665831245,1.0000000000,0.9665831245,1.0000000000,0.9665831245,1.0000000000,0.9665831245,0.9665831245,0.9665831245,1.0000000000,0.9665831245,1.0000000000,rafael-scarpelli
Rice,bayes,acc,0.9666666667,0.9666666667,0.9666666667,0.9666666667,1.0000000000,0.9000000000,0.9333333333,0.9000000000,0.9000000000,1.0000000000,0.9000000000,0.9000000000,0.9000000000,1.0000000000,0.8666666667,0.9666666667,0.9333333333,0.9333333333,1.0000000000,0.9666666667,rafael-scarpelli
Rice,bayes,f1,0.9665831245,0.9665831245,0.9665831245,0.9665831245,1.0000000000,0.8997493734,0.9326599327,0.8976982097,0.8997493734,1.0000000000,0.8997493734,0.8997493734,0.8976982097,1.0000000000,0.8653198653,0.9665831245,0.9326599327,0.9326599327,1.0000000000,0.9665831245,rafael-scarpelli
Rice,knn,acc,1.0000000000,0.9666666667,0.9666666667,0.9666666667,1.0000000000,0.9666666667,0.9666666667,0.9666666667,1.0000000000,0.9666666667,0.9666666667,1.0000000000,0.9666666667,1.0000000000,0.9666666667,1.0000000000,0.9666666667,0.9666666667,0.9666666667,0.9333333333,rafael-scarpelli
Rice,knn,f1,1.0000000000,0.9665831245,0.9665831245,0.9665831245,1.0000000000,0.9665831245,0.9665831245,0.9665831245,1.0000000000,0.9665831245,0.9665831245,1.0000000000,0.9665831245,1.0000000000,0.9665831245,1.0000000000,0.9665831245,0.9665831245,0.9665831245,0.9326599327,rafael-scarpelli
Rice,tree,acc,0.9000000000,1.0000000000,0.9333333333,0.9666666667,0.9333333333,0.9666666667,0.9333333333,0.9333333333,0.9666666667,0.9666666667,1.0000000000,1.0000000000,0.8333333333,1.0000000000,0.9666666667,0.9333333333,0.9333333333,0.9333333333,0.9666666667,0.9333333333,rafael-scarpelli
Rice,tree,f1,0.8976982097,1.0000000000,0.9326599327,0.9665831245,0.9326599327,0.9665831245,0.9326599327,0.9333333333,0.9665831245,0.9665831245,1.0000000000,1.0000000000,0.8294970162,1.0000000000,0.9665831245,0.9326599327,0.9326599327,0.9333333333,0.9665831245,0.9333333333,rafael-scarpelli
Mushroom,perceptron,f1,0.9113475177,0.9419326241,0.9497635934,0.9552304965,0.9641843972,0.9867021277,0.9835992908,0.9559692671,0.9587765957,0.9670212766,0.9867021277,0.9933510638,0.9934988180,0.9889184397,0.9845744681,0.9867021277,0.9933510638,0.9887706856,0.9722960993,0.9748226950,renato-augusto-v2
Mushroom,perceptron,acc,0.9113475177,0.9419326241,0.9497635934,0.9552304965,0.9641843972,0.9867021277,0.9835992908,0.9559692671,0.9587765957,0.9670212766,0.9867021277,0.9933510638,0.9934988180,0.9889184397,0.9845744681,0.9867021277,0.9933510638,0.9887706856,0.9722960993,0.9748226950,renato-augusto-v2
Mushroom,svm,f1,0.9725177305,0.9725177305,0.9725177305,0.9725177305,0.9725177305,0.9725177305,0.9725177305,0.9725177305,0.9725177305,0.9725177305,0.9831560284,0.9831560284,0.9831560284,0.9831560284,0.9831560284,0.9689716312,0.9689716312,0.9689716312,0.9689716312,0.9689716312,renato-augusto-v2
Mushroom,svm,acc,0.9725177305,0.9725177305,0.9725177305,0.9725177305,0.9725177305,0.9725177305,0.9725177305,0.9725177305,0.9725177305,0.9725177305,0.9831560284,0.9831560284,0.9831560284,0.9831560284,0.9831560284,0.9689716312,0.9689716312,0.9689716312,0.9689716312,0.9689716312,renato-augusto-v2
Mushroom,bayes,f1,0.6693262411,0.6693262411,0.6693262411,0.6693262411,0.6693262411,0.6586879433,0.6586879433,0.6586879433,0.6586879433,0.6586879433,0.6613475177,0.6613475177,0.6613475177,0.6613475177,0.6613475177,0.6586879433,0.6586879433,0.6586879433,0.6586879433,0.6586879433,renato-augusto-v2
Mushroom,bayes,acc,0.6693262411,0.6693262411,0.6693262411,0.6693262411,0.6693262411,0.6586879433,0.6586879433,0.6586879433,0.6586879433,0.6586879433,0.6613475177,0.6613475177,0.6613475177,0.6613475177,0.6613475177,0.6586879433,0.6586879433,0.6586879433,0.6586879433,0.6586879433,renato-augusto-v2
Mushroom,tree,f1,1.0000000000,1.0000000000,1.0000000000,1.0000000000,1.0000000000,1.0000000000,1.0000000000,1.0000000000,1.0000000000,1.0000000000,1.0000000000,1.0000000000,1.0000000000,1.0000000000,1.0000000000,1.0000000000,1.0000000000,1.0000000000,1.0000000000,1.0000000000,renato-augusto-v2
Mushroom,tree,acc,1.0000000000,1.0000000000,1.0000000000,1.0000000000,1.0000000000,1.0000000000,1.0000000000,1.0000000000,1.0000000000,1.0000000000,1.0000000000,1.0000000000,1.0000000000,1.0000000000,1.0000000000,1.0000000000,1.0000000000,1.0000000000,1.0000000000,1.0000000000,renato-augusto-v2
Mushroom,knn,f1,1.0000000000,1.0000000000,1.0000000000,1.0000000000,1.0000000000,1.0000000000,1.0000000000,1.0000000000,1.0000000000,1.0000000000,1.0000000000,1.0000000000,1.0000000000,1.0000000000,1.0000000000,1.0000000000,1.0000000000,1.0000000000,1.0000000000,1.0000000000,renato-augusto-v2
Mushroom,knn,acc,1.0000000000,1.0000000000,1.0000000000,1.0000000000,1.0000000000,1.0000000000,1.0000000000,1.0000000000,1.0000000000,1.0000000000,1.0000000000,1.0000000000,1.0000000000,1.0000000000,1.0000000000,1.0000000000,1.0000000000,1.0000000000,1.0000000000,1.0000000000,renato-augusto-v2
car.csv,perceptron,f1,0.7708856034,0.8016012842,0.6159908732,0.8015956911,0.5755673151,0.7113332308,0.6767937549,0.7006526842,0.5399485062,0.6190375303,0.6438977376,0.5791076166,0.7597307118,0.7593184572,0.7527042486,0.5957821345,0.6339169001,0.6969526350,0.4622961270,0.7020160116,romulo-jordao
car.csv,perceptron,acc,0.8988439306,0.8901734104,0.8753623188,0.9188405797,0.8811594203,0.8612716763,0.8497109827,0.8724637681,0.8666666667,0.8898550725,0.8988439306,0.8410404624,0.9072463768,0.8637681159,0.8695652174,0.8497109827,0.8410404624,0.8811594203,0.8579710145,0.8405797101,romulo-jordao
car.csv,svm,f1,0.8899062157,0.9120086019,0.9603252697,0.9150881748,0.9518517649,0.9751451599,0.8887130588,0.9264256879,0.9040101258,0.9148043867,0.9052709872,0.9428038876,0.9157932547,0.9315117551,0.9318278041,0.9316395943,0.8872938308,0.8990178831,0.9336560002,0.9420756419,romulo-jordao
car.csv,svm,acc,0.9566473988,0.9768786127,0.9681159420,0.9710144928,0.9826086957,0.9884393064,0.9595375723,0.9652173913,0.9565217391,0.9710144928,0.9739884393,0.9768786127,0.9710144928,0.9652173913,0.9710144928,0.9710982659,0.9653179191,0.9681159420,0.9710144928,0.9681159420,romulo-jordao
car.csv,bayes,f1,0.6955683119,0.7214130662,0.7693750773,0.7383986928,0.7734161079,0.7414534600,0.6948672747,0.7528569688,0.7745768283,0.7308239025,0.7175007879,0.7150118784,0.7413763701,0.7648417087,0.7583717358,0.7449090656,0.7197541658,0.7036815088,0.7778633005,0.7550512492,romulo-jordao
car.csv,bayes,acc,0.7919075145,0.7890173410,0.7971014493,0.8202898551,0.8144927536,0.7976878613,0.7745664740,0.8028985507,0.8289855072,0.8086956522,0.8063583815,0.7774566474,0.8144927536,0.8000000000,0.8144927536,0.8121387283,0.7947976879,0.7971014493,0.8492753623,0.7594202899,romulo-jordao
car.csv,knn,f1,0.4273609004,0.5223558392,0.6004324699,0.5319724940,0.4555383910,0.5468668675,0.4766462891,0.4820584262,0.5116935705,0.6071703006,0.4597933478,0.5326239400,0.4776903839,0.5409701720,0.5359159746,0.5114123480,0.5262936840,0.5083931829,0.4747127591,0.5593558922,romulo-jordao
car.csv,knn,acc,0.8063583815,0.8468208092,0.8666666667,0.8347826087,0.8115942029,0.8439306358,0.8323699422,0.8347826087,0.8347826087,0.8434782609,0.8410404624,0.8554913295,0.8347826087,0.8376811594,0.8376811594,0.8323699422,0.8236994220,0.8434782609,0.8289855072,0.8405797101,romulo-jordao
car.csv,tree,f1,0.9442094070,0.9243974939,0.9331776664,0.9182754853,0.9600395829,0.9289078308,0.9199171187,0.9275769632,0.9047523153,0.8949949218,0.9265164190,0.9490592404,0.9574034853,0.9341869860,0.9724201275,0.9092692733,0.9130055072,0.8681566312,0.9563221538,0.9061152841,romulo-jordao
car.csv,tree,acc,0.9682080925,0.9682080925,0.9710144928,0.9623188406,0.9797101449,0.9768786127,0.9710982659,0.9710144928,0.9536231884,0.9594202899,0.9768786127,0.9797687861,0.9768115942,0.9739130435,0.9855072464,0.9566473988,0.9508670520,0.9652173913,0.9768115942,0.9536231884,romulo-jordao
mushroom,perceptron,acc,0.5135467980,0.4495073892,0.9378078818,0.7444581281,0.8633004926,0.5320197044,0.8516009852,0.7253694581,0.7204433498,0.7038177340,0.4889162562,0.9839901478,0.9236453202,0.7697044335,0.9482758621,0.5929802956,0.9895320197,0.8522167488,0.7604679803,0.9636699507,thalles--barros
mushroom,perceptron,f1,0.4723065406,0.4207247883,0.9325101601,0.6595568420,0.8259892503,0.4876316580,0.7494351818,0.7247344650,0.6446553915,0.7017567907,0.4544848218,0.9587847836,0.9159291149,0.6733575268,0.9396490856,0.5103897993,0.9737640110,0.8464774419,0.6370516044,0.9581672637,thalles--barros
mushroom,svm,acc,0.7801724138,1.0000000000,0.9993842365,0.9322660099,0.9704433498,0.7801724138,1.0000000000,0.9993842365,0.9322660099,0.9704433498,0.7801724138,1.0000000000,0.9993842365,0.9322660099,0.9704433498,0.7801724138,1.0000000000,0.9993842365,0.9322660099,0.9704433498,thalles--barros
mushroom,svm,f1,0.6885002539,1.0000000000,0.9993147931,0.8958838450,0.9645104895,0.6885002539,1.0000000000,0.9993147931,0.8958838450,0.9645104895,0.6885002539,1.0000000000,0.9993147931,0.8958838450,0.9645104895,0.6885002539,1.0000000000,0.9993147931,0.8958838450,0.9645104895,thalles--barros
mushroom,bayes,acc,0.4716748768,0.5443349754,0.8713054187,0.7789408867,0.9550492611,0.4716748768,0.5443349754,0.8713054187,0.7789408867,0.9550492611,0.4716748768,0.5443349754,0.8713054187,0.7789408867,0.9550492611,0.4716748768,0.5443349754,0.8713054187,0.7789408867,0.9550492611,thalles--barros
mushroom,bayes,f1,0.4410728382,0.5443349754,0.8572859969,0.6873464594,0.9468759508,0.4410728382,0.4818391915,0.8572859969,0.6873464594,0.9468759508,0.4410728382,0.4818391915,0.8572859969,0.6873464594,0.9468759508,0.4410728382,0.4818391915,0.8572859969,0.6873464594,0.9468759508,thalles--barros
mushroom,tree,acc,1.0000000000,1.0000000000,1.0000000000,0.9938423645,0.9901477833,1.0000000000,1.0000000000,1.0000000000,0.9901477833,0.9852216749,1.0000000000,1.0000000000,1.0000000000,0.9938423645,1.0000000000,1.0000000000,1.0000000000,1.0000000000,0.9938423645,0.9852216749,thalles--barros
mushroom,tree,f1,1.0000000000,1.0000000000,1.0000000000,0.9890874296,0.9884920635,1.0000000000,1.0000000000,1.0000000000,0.9829776083,0.9826619217,1.0000000000,1.0000000000,1.0000000000,0.9890874296,1.0000000000,1.0000000000,1.0000000000,1.0000000000,0.9890874296,0.9826619217,thalles--barros
mushroom,knn,acc,0.6958128079,0.9993842365,0.9993842365,0.9033251232,0.8214285714,0.6958128079,0.9993842365,0.9993842365,0.9033251232,0.8214285714,0.6958128079,0.9993842365,0.9993842365,0.9033251232,,0.6958128079,0.9993842365,0.9993842365,0.9033251232,0.8214285714,thalles--barros
mushroom,knn,f1,0.6958128079,0.9984713150,0.9993147931,0.8586500662,0.7570467583,0.6958128079,0.9984713150,0.9993147931,0.8586500662,0.7570467583,0.5950811497,0.9984713150,0.9993147931,0.8586500662,,0.5950811497,0.9984713150,0.9993147931,0.8586500662,0.7570467583,thalles--barros
dataset_name,classifier_name,metric,,,,,,,,,,,,,,,,,,,,,vitor--garcia
agaricus-lepiota,perceptron,f1,0.9136652784,0.8991436446,0.9562040838,0.9610609723,0.9357176162,0.9505896624,0.8474025974,0.8677354819,0.9151578141,0.9676859348,0.9520197921,0.7853793537,0.9489089626,0.8574170278,0.9577385636,0.9523922623,0.9470801207,0.9079007713,0.9485874028,0.8256082294,vitor--garcia
agaricus-lepiota,perceptron,acc,0.9210992908,0.9086879433,0.9592198582,0.9636524823,0.9414893617,0.9539007092,0.8723404255,0.8856382979,0.9219858156,0.9689716312,0.9565602837,0.7854609929,0.9512411348,0.8741134752,0.9601063830,0.9547872340,0.9485815603,0.9166666667,0.9521276596,0.8546099291,vitor--garcia
agaricus-lepiota,svm,f1,1.0000000000,1.0000000000,1.0000000000,1.0000000000,1.0000000000,1.0000000000,1.0000000000,1.0000000000,1.0000000000,1.0000000000,1.0000000000,1.0000000000,1.0000000000,1.0000000000,1.0000000000,1.0000000000,1.0000000000,1.0000000000,1.0000000000,1.0000000000,vitor--garcia
agaricus-lepiota,svm,acc,1.0000000000,1.0000000000,1.0000000000,1.0000000000,1.0000000000,1.0000000000,1.0000000000,1.0000000000,1.0000000000,1.0000000000,1.0000000000,1.0000000000,1.0000000000,1.0000000000,1.0000000000,1.0000000000,1.0000000000,1.0000000000,1.0000000000,1.0000000000,vitor--garcia
agaricus-lepiota,bayes,f1,0.6059167463,0.5840070672,0.5692927292,0.6038739528,0.6309383589,0.5978903244,0.6058629587,0.6325531441,0.5792390493,0.5815917440,0.6214415657,0.5878574931,0.5874668300,0.5833584365,0.6037917901,0.5843160377,0.5903804671,0.5871385361,0.5870359140,0.6395937368,vitor--garcia
agaricus-lepiota,bayes,acc,0.7047872340,0.6906028369,0.6923758865,0.7118794326,0.7251773050,0.7056737589,0.7234042553,0.7313829787,0.6897163121,0.6764184397,0.7260638298,0.6994680851,0.6950354610,0.6923758865,0.7056737589,0.6897163121,0.6888297872,0.7012411348,0.7109929078,0.7322695035,vitor--garcia
agaricus-lepiota,tree,f1,1.0000000000,1.0000000000,1.0000000000,1.0000000000,1.0000000000,1.0000000000,1.0000000000,1.0000000000,1.0000000000,1.0000000000,1.0000000000,1.0000000000,1.0000000000,1.0000000000,1.0000000000,1.0000000000,1.0000000000,1.0000000000,1.0000000000,1.0000000000,vitor--garcia
agaricus-lepiota,tree,acc,1.0000000000,1.0000000000,1.0000000000,1.0000000000,1.0000000000,1.0000000000,1.0000000000,1.0000000000,1.0000000000,1.0000000000,1.0000000000,1.0000000000,1.0000000000,1.0000000000,1.0000000000,1.0000000000,1.0000000000,1.0000000000,1.0000000000,1.0000000000,vitor--garcia
agaricus-lepiota,knn,f1,1.0000000000,1.0000000000,0.9962210549,1.0000000000,1.0000000000,0.9990608570,1.0000000000,1.0000000000,1.0000000000,1.0000000000,1.0000000000,0.9990625117,0.9990688267,0.9981353584,0.9990616882,0.9990710720,0.9990787497,1.0000000000,0.9990395218,1.0000000000,vitor--garcia
agaricus-lepiota,knn,acc,1.0000000000,1.0000000000,0.9964539007,1.0000000000,1.0000000000,0.9991134752,1.0000000000,1.0000000000,1.0000000000,1.0000000000,1.0000000000,0.9991134752,0.9991134752,0.9982269504,0.9991134752,0.9991134752,0.9991134752,1.0000000000,0.9991134752,1.0000000000,vitor--garcia
Car Evaluation,perceptron,acc,0.7803468208,0.7803468208,0.7803468208,0.7803468208,0.7803468208,0.7514450867,0.7514450867,0.7514450867,0.7514450867,0.7514450867,0.8208092486,0.8208092486,0.8208092486,0.8208092486,0.8208092486,0.7687861272,0.7687861272,0.7687861272,0.7687861272,0.7687861272,vitor-oliveira
Car Evaluation,perceptron,f1,0.7047619048,0.7047619048,0.7047619048,0.7047619048,0.7047619048,0.1791044776,0.1791044776,0.1791044776,0.1791044776,0.1791044776,0.7826086957,0.7826086957,0.7826086957,0.7826086957,0.7826086957,0.3750000000,0.3750000000,0.3750000000,0.3750000000,0.3750000000,vitor-oliveira
Car Evaluation,svm,acc,0.8815028902,0.8815028902,0.8815028902,0.8815028902,0.8815028902,0.8612716763,0.8612716763,0.8612716763,0.8612716763,0.8612716763,0.8815028902,0.8815028902,0.8815028902,0.8815028902,0.8815028902,0.8728323699,0.8728323699,0.8728323699,0.8728323699,0.8728323699,vitor-oliveira
Car Evaluation,svm,f1,0.7600000000,0.7600000000,0.7600000000,0.7600000000,0.7600000000,0.7014925373,0.7014925373,0.7014925373,0.7014925373,0.7014925373,0.7500000000,0.7500000000,0.7500000000,0.7500000000,0.7500000000,0.7924528302,0.7924528302,0.7924528302,0.7924528302,0.7924528302,vitor-oliveira
Car Evaluation,bayes,acc,0.7398843931,0.7398843931,0.7398843931,0.7398843931,0.7398843931,0.7601156069,0.7601156069,0.7601156069,0.7601156069,0.7601156069,0.7716763006,0.7716763006,0.7716763006,0.7716763006,0.7716763006,0.8179190751,0.8179190751,0.8179190751,0.8179190751,0.8179190751,vitor-oliveira
Car Evaluation,bayes,f1,0.5454545455,0.5454545455,0.5454545455,0.5454545455,0.5454545455,0.6744186047,0.6744186047,0.6744186047,0.6744186047,0.6744186047,0.6301369863,0.6301369863,0.6301369863,0.6301369863,0.6301369863,0.7435897436,0.7435897436,0.7435897436,0.7435897436,0.7435897436,vitor-oliveira
Car Evaluation,tree,acc,0.9768786127,0.9768786127,0.9768786127,0.9768786127,0.9768786127,0.9624277457,0.9624277457,0.9624277457,0.9624277457,0.9624277457,0.9826589595,0.9826589595,0.9826589595,0.9826589595,0.9826589595,0.9682080925,0.9682080925,0.9682080925,0.9682080925,0.9682080925,vitor-oliveira
Car Evaluation,tree,f1,0.9855072464,0.9855072464,0.9855072464,0.9855072464,0.9855072464,0.9323308271,0.9323308271,0.9323308271,0.9323308271,0.9323308271,0.9746835443,0.9746835443,0.9746835443,0.9746835443,0.9746835443,0.9759036145,0.9759036145,0.9759036145,0.9759036145,0.9759036145,vitor-oliveira
Car Evaluation,knn,acc,0.9132947977,0.9132947977,0.9132947977,0.9132947977,0.9132947977,0.8815028902,0.8815028902,0.8815028902,0.8815028902,0.8815028902,0.9190751445,0.9190751445,0.9190751445,0.9190751445,0.9190751445,0.9132947977,0.9132947977,0.9132947977,0.9132947977,0.9132947977,vitor-oliveira
Car Evaluation,knn,f1,0.9281767956,0.9281767956,0.9281767956,0.9281767956,0.9281767956,0.8366013072,0.8366013072,0.8366013072,0.8366013072,0.8366013072,0.9183673469,0.9183673469,0.9183673469,0.9183673469,0.9183673469,0.8589743590,0.8589743590,0.8589743590,0.8589743590,0.8589743590,vitor-oliveira
